SupplierID,SupplierName,SupplierState,SupplierAddress
SUP_101,AGRO STAR FARMING PRIVATE LIMITED,Telangana,No. 2-106 B3  |   Eranchily Palliyadi Post  |   Pazhayakadai Kanyakumari Tamil Nadu INDIA 629169
SUP_102,TRAHI ACHUTA FARMER PRODUCER COMPANY LIMITED,Odisha,306  |   CARNATION  |   ARK HOMES BOLARUM  |   SECUNDERABAD HYDERABAD Telangana INDIA 500010
SUP_103,S.DINESH PRINTERS & PUBLISHERS PRIVATE LIMITED,Odisha,SHARKARA'   |   NO 19  |   18TH CROSS MALLESWARAM BANGALORE Karnataka INDIA 560055
SUP_104,KROPEX CANDIDA PRINT PRIVATE LIMITED,Odisha,A-11  |   Sarala Roses  |   Near Rajwada Hotel  |   Someshwarwadi  |   Pashan  |   Pune Maharashtra INDIA 411008
SUP_105,SREE NARAYANEE INTERNATIONAL FOODS & BEVERAGES PRIVATE LIMITED,Telangana,BHUSARI COL AADHAR TERESES SNO 96/97 PL NO 182 PAUD ROAD PUNE Maharashtra INDIA 411038
SUP_106,REDDY'S BEVERAGES PRIVATE LIMITED,Maharashtra,Dream Classic Gananjaya Soc S No 47/3 Gandhi Bhavan Road Kothrud Pune Maharashtra INDIA 411029
SUP_107,KANAN AGRICULTURAL DEVELOPMENT INDIA PRIVATE LIMITED,Maharashtra,805 SATPURA KAUSHAMBI GHAZIABAD Uttar Pradesh INDIA 201010
SUP_108,FINGER FUN FOODS PRIVATE LIMITED,Maharashtra,5th Floor  |   North Wing  |   Aanand Towers  |   M.No 4  |   Rajaram Mohan Roy Road  |   WardNo.77  |  Sampangiramnagar Bangalore Karnataka INDIA 560025
SUP_109,JAIDKA DHALIWAL DAIRY PRIVATE LIMITED,Telangana,Shop 4  |   Hariom Prestige  |   PL 583 & 1165  |   Agarkar Chawk Panvel Maharashtra INDIA 410206
SUP_110,SR SAI DRINKS PRIVATE LIMITED,Maharashtra,WARD NO 8  |   CHANDRASEKHAR AZAD NAGAR  |   RAM LEELA MAIDAN  |   PHOOLPUR AZAMGARH Uttar Pradesh INDIA 276304
SUP_111,SYSPRO FOODS PRIVATE LIMITED,Maharashtra,Plot No. 4  |   Ground Floor  |   Sector - 35  |   Village - Morna  |   Surabhi Hospital Noida Uttar Pradesh INDIA 201301
SUP_112,UNGERER FLAVOURS INDIA PRIVATE LIMITED,Delhi,C-103  |   SECTOR-6  |   ADITYA GARDEN CITY PLOT NO. 6  |   VASUNDHARA GHAZIABAD Uttar Pradesh INDIA 201010
SUP_113,SAI VIKHYA AQUA PRIVATE LIMITED,Maharashtra,D-59/334-K-A1 MAHMOORGANJ VARANASI Uttar Pradesh INDIA 221010
SUP_114,NUPROTIN FEEDS PRIVATE LIMITED,Maharashtra,ARAZI NO. 1280 BAIRI AKBARPUR BANGAR INDRA NAGAR KANPUR Uttar Pradesh INDIA 208026
SUP_115,GTOUCH PRODUCER COMPANY LIMITED,Maharashtra,RM 785  |  MAHATMA PHULE NAGAR  |  CHAKALA RD  |  M.C.CHAGALA MRG  |  BAMANWADA  |  NR CPWD OFFICE  |  DR.AMBEDKAR CHOWK VILE PARLE EAST Maharashtra INDIA 400099
SUP_116,PUNNO EXIM (INDIA) PRIVATE LIMITED,Maharashtra,RAMPAL AWANA COMPLEX  |   3rd Floor  |   Office No. 5 Sector - 7 Noida Uttar Pradesh INDIA 201301
SUP_117,WHENCE OIL MILL PRIVATE LIMITED,Maharashtra,309  |   Great Eastern Galleria  |   Sector 4  |   Off Palm Beach Road  |   Nerul Navi Mumbai Maharashtra INDIA 400706
SUP_118,WILLPOWER IMPROVEMENT LEADERS PRIVATE LIMITED,Maharashtra,501  |   Technocity  |   Plot No.X-5/3  |  TTC Industrial Area Opp. Millennium Business Park  |   Mahape Navi Mumbai Maharashtra INDIA 400710
SUP_119,TDM MUSICS PRIVATE LIMITED,Maharashtra,3/117   |   IInd FLOOR SEC-3  |   VIKAS NAGAR LUCKNOW Uttar Pradesh INDIA 226022
SUP_120,GLIMPSE FOOD & BEVERAGES PRIVATE LIMITED,Maharashtra,157  |   O-BLOCK YASHODA NAGAR KANPUR Uttar Pradesh INDIA 208021
SUP_121,SONKAR SWEET & SNACKS PRIVATE LIMITED,Rajasthan,944 Laxmi Complex Arjun Nagar Kotla Mubarakpur Delhi INDIA 110003
SUP_122,QUNATUM BEVERAGES PRIVATE LIMITED,Telangana,A-108 NEW FRIENDS COLONY NEW DELHI Delhi INDIA 110025
SUP_123,ANJAN SPECIALITY FOOD AND BEVERAGE ENTERTAINMENT PRIVATE LIMITED,Goa,2018  |   GALI NO. 155  |   GANESH PURA  |   TRI NAGAR DELHI Delhi INDIA 110035
SUP_124,DHAI PATTEY TEA PRODUCTS PRIVATE LIMITED,Haryana,D-1/106-A GR FLOOR BLOCK D-1 KH NO -11/12/13/1 MANSA RAM PARK NEW DELHI Delhi INDIA 110059
SUP_125,MALPEFRESH MARINE EXPORT PRIVATE LIMITED,Karnataka,FLAT-85  |  F/F LIG SECT-14 PKT-I DWARKA PH II NEW DELHI Delhi INDIA 110075
SUP_126,MOULYA FARMS & ESTATES LIMITED,Karnataka,WZ-48  |   UPPER G/F BLOCK-B  |   SHYAM PRASAD MUKHRJEE PARK NEAR POST OFFICE  |   NEW DELHI Delhi INDIA 110018
SUP_127,DREAMWORLD BREWERIES INDIA LIMITED,Delhi,D - 962  |   3RD FLOOR  |   NEW FRIENDS COLONY NEAR DEEP SWEETS CORNER NEW DELHI Delhi INDIA 110025
